节点ID,节点名称,节点类型,是否核心类型,所有标签,所属社区,度数,加权度数,入度,出度,加权入度,加权出度,聚类系数,邻居节点数,邻居社区分布
LE602276,第四十一条,Section,否,Section,2,1,0.2,1,0,0.2,0.0,0.0,1,社区2:1
LE804025,没收违法商品,PunishmentMeasure,否,PunishmentMeasure,2,1,0.15,1,0,0.15,0.0,0.0,1,社区2:1
LE016525,交易相对方的工作人员,DisadvantageHolder,否,DisadvantageHolder,2,2,0.85,2,0,0.85,0.0,0.4638,2,社区2:2
LE808631,滥用自身资金、技术、交易渠道、行业影响力等方面的优势地位,Action,否,Action,14,1,0.7,1,0,0.7,0.0,0.0,1,社区14:1
LE930086,可以并处吊销营业执照,PunishmentMeasure,否,PunishmentMeasure,2,2,0.85,2,0,0.85,0.0,0.4718,2,社区2:2
LE875935,第八条,Section,否,Section,2,5,1.6,1,4,0.2,1.4,0.1391,5,社区2:5
LE868570,第三十一条,Section,否,Section,2,3,1.3,1,2,0.2,1.1,0.1741,3,社区2:3
LE220212,违反本法第十三条第二款、第三款、第四款规定利用网络从事不正当竞争,Action,否,Action,2,1,0.7,1,0,0.7,0.0,0.0,1,社区2:1
LE633229,第二十三条,Section,否,Section,2,2,0.35,1,1,0.2,0.15,0.0,2,社区2:2
LE661713,本法第八条规定,Law,否,Law,2,1,0.15,1,0,0.15,0.0,0.0,1,社区2:1
LE965687,本法第九条规定,Law,否,Law,2,1,0.15,1,0,0.15,0.0,0.0,1,社区2:1
LE203229,第二十五条,Section,否,Section,2,3,1.3,1,2,0.2,1.1,0.1741,3,社区2:3
LE836394,经营者,AdvantageHolder,是,AdvantageHolder,2,24,19.4,10,14,9.6,9.8,0.0248,24,社区2:24
LE225258,中华人民共和国反不正当竞争法（2025年6月27日第十四届全国人民代表大会常务委员会第十六次会议第二次修订）,Title,否,Title,2,5,1.0,0,5,0.0,1.0,0.0,5,社区2:5
LE329500,大型企业等经营者,AdvantageHolder,是,AdvantageHolder,14,3,2.35,1,2,0.95,1.4,0.1546,3,社区14:3
LE167403,各级人民政府,RegulatoryAuthority,否,RegulatoryAuthority,2,1,0.15,1,0,0.15,0.0,0.0,1,社区2:1
LE959807,对单位可以处十万元以下的罚款,PunishmentMeasure,否,PunishmentMeasure,2,1,0.15,1,0,0.15,0.0,0.0,1,社区2:1
LE652614,滥用自身优势地位,Action,否,Action,2,1,0.7,1,0,0.7,0.0,0.0,1,社区2:1
LE498251,本法第七条规定,Law,否,Law,2,1,0.15,1,0,0.15,0.0,0.0,1,社区2:1
LE982661,第二十九条,Section,否,Section,2,3,1.3,1,2,0.2,1.1,0.1741,3,社区2:3
LE757503,其他自然人、法人和非法人组织,AdvantageHolder,是,AdvantageHolder,2,4,3.35,2,2,1.95,1.4,0.1657,4,社区2:4
LE098830,第四章,Chapter,否,Chapter,2,19,3.8,1,18,0.2,3.6,0.0,19,社区2:19
LE890407,《中华人民共和国广告法》,Law,否,Law,2,1,0.15,1,0,0.15,0.0,0.0,1,社区2:1
LE714528,第十五条,Section,否,Section,14,3,1.3,1,2,0.2,1.1,0.1546,3,社区2:1; 社区14:2
LE425723,第三十三条,Section,否,Section,2,2,0.35,1,1,0.2,0.15,0.0,2,社区2:2
LE964512,平台经营者,AdvantageHolder,是,AdvantageHolder,2,8,6.95,5,3,4.85,2.1,0.1038,8,社区2:8
LE352206,本法第十一条规定,Law,否,Law,2,1,0.15,1,0,0.15,0.0,0.0,1,社区2:1
LE298026,处一百万元以下的罚款,PunishmentMeasure,否,PunishmentMeasure,2,3,1.0,3,0,1.0,0.0,0.3145,3,社区2:3
LE219547,第三十二条,Section,否,Section,2,1,0.2,1,0,0.2,0.0,0.0,1,社区2:1
LE810444,第十八条,Section,否,Section,2,2,0.35,1,1,0.2,0.15,0.0,2,社区2:2
LE769043,第二十八条,Section,否,Section,2,3,0.5,1,2,0.2,0.3,0.0,3,社区2:3
LE821442,本法规定,Law,否,Law,2,1,0.15,1,0,0.15,0.0,0.0,1,社区2:1
LE294850,本法第十四条规定,Law,否,Law,2,1,0.15,1,0,0.15,0.0,0.0,1,社区2:1
LE989981,受交易相对方委托办理相关事务的单位或者个人,DisadvantageHolder,否,DisadvantageHolder,2,2,0.85,2,0,0.85,0.0,0.4638,2,社区2:2
LE424039,第四条,Section,否,Section,2,3,0.5,1,2,0.2,0.3,0.0,3,社区2:3
LE274499,第二章,Chapter,否,Chapter,2,10,2.0,1,9,0.2,1.8,0.0,10,社区2:9; 社区14:1
LE571295,第二十条,Section,否,Section,2,2,0.35,1,1,0.2,0.15,0.0,2,社区2:2
LE570558,进行有奖销售,Action,否,Action,2,1,0.7,1,0,0.7,0.0,0.0,1,社区2:1
LE190156,侵犯商业秘密,Action,否,Action,2,2,1.4,2,0,1.4,0.0,0.0,2,社区2:2
LE218256,第三十七条,Section,否,Section,2,2,0.35,1,1,0.2,0.15,0.0,2,社区2:2
LE455927,责令停止违法行为,PunishmentMeasure,否,PunishmentMeasure,2,2,0.85,2,0,0.85,0.0,0.4718,2,社区2:2
LE236237,第三十条,Section,否,Section,2,4,1.45,1,3,0.2,1.25,0.1643,4,社区2:4
LE049902,对其商品作虚假或者引人误解的商业宣传,Action,否,Action,2,1,0.7,1,0,0.7,0.0,0.0,1,社区2:1
LE298831,第六条,Section,否,Section,2,1,0.2,1,0,0.2,0.0,0.0,1,社区2:1
LE876960,第七条,Section,否,Section,2,1,0.2,1,0,0.2,0.0,0.0,1,社区2:1
LE826911,处十万元以上一百万元以下的罚款,PunishmentMeasure,否,PunishmentMeasure,2,3,1.55,3,0,1.55,0.0,0.3145,3,社区2:3
LE152672,第二十六条,Section,否,Section,2,4,2.25,1,3,0.2,2.05,0.1741,4,社区2:4
LE624980,县级以上人民政府履行市场监督管理职责的部门,RegulatoryAuthority,否,RegulatoryAuthority,2,1,0.15,1,0,0.15,0.0,0.0,1,社区2:1
LE420762,县级以上人民政府监督检查部门,RegulatoryAuthority,否,RegulatoryAuthority,2,2,1.15,1,1,0.15,1.0,0.5223,2,社区2:2
LE754008,第一章,Chapter,否,Chapter,2,7,1.4,1,6,0.2,1.2,0.0,7,社区2:7
LE958511,处五万元以上五十万元以下的罚款,PunishmentMeasure,否,PunishmentMeasure,2,3,1.55,3,0,1.55,0.0,0.3145,3,社区2:3
LE387882,监督检查部门,RegulatoryAuthority,否,RegulatoryAuthority,2,41,8.7,17,24,2.55,6.15,0.0078,41,社区2:41
LE217846,第三十九条,Section,否,Section,2,1,0.2,1,0,0.2,0.0,0.0,1,社区2:1
LE198988,本法第十五条规定,Law,否,Law,2,1,0.15,1,0,0.15,0.0,0.0,1,社区2:1
LE073988,第十九条,Section,否,Section,2,2,0.35,1,1,0.2,0.15,0.0,2,社区2:2
LE827188,第三十八条,Section,否,Section,2,1,0.2,1,0,0.2,0.0,0.0,1,社区2:1
LE284372,平台内经营者,DisadvantageHolder,否,DisadvantageHolder,2,4,1.15,4,0,1.15,0.0,0.2319,4,社区2:4
LE013892,责令改正,PunishmentMeasure,否,PunishmentMeasure,2,1,0.15,1,0,0.15,0.0,0.0,1,社区2:1
LE639591,第二十一条,Section,否,Section,2,4,1.45,1,3,0.2,1.25,0.1643,4,社区2:4
LE919214,第三十六条,Section,否,Section,2,2,0.35,1,1,0.2,0.15,0.0,2,社区2:2
LE736535,设区的市级以上人民政府监督检查部门,RegulatoryAuthority,否,RegulatoryAuthority,2,1,0.15,1,0,0.15,0.0,0.0,1,社区2:1
LE270957,省级以上人民政府监督检查部门,RegulatoryAuthority,否,RegulatoryAuthority,2,4,1.45,1,3,0.15,1.3,0.1657,4,社区2:4
LE763063,第十七条,Section,否,Section,2,2,0.35,1,1,0.2,0.15,0.0,2,社区2:2
LE387334,依法给予处分,PunishmentMeasure,否,PunishmentMeasure,2,1,0.15,1,0,0.15,0.0,0.0,1,社区2:1
LE421496,第十二条,Section,否,Section,2,1,0.2,1,0,0.2,0.0,0.0,1,社区2:1
LE963502,国务院,RegulatoryAuthority,否,RegulatoryAuthority,2,1,0.15,1,0,0.15,0.0,0.0,1,社区2:1
LE456442,对个人可以处一万元以下的罚款,PunishmentMeasure,否,PunishmentMeasure,2,1,0.15,1,0,0.15,0.0,0.0,1,社区2:1
LE497105,第十一条,Section,否,Section,2,1,0.2,1,0,0.2,0.0,0.0,1,社区2:1
LE638762,本法,Law,否,Law,2,1,0.15,1,0,0.15,0.0,0.0,1,社区2:1
LE102480,利用职权或者影响力影响交易的单位或者个人,DisadvantageHolder,否,DisadvantageHolder,2,2,0.85,2,0,0.85,0.0,0.4638,2,社区2:2
LE461642,第二十七条,Section,否,Section,2,3,1.3,1,2,0.2,1.1,0.1741,3,社区2:3
LE607714,第三十五条,Section,否,Section,2,2,0.35,1,1,0.2,0.15,0.0,2,社区2:2
LE195028,第三十四条,Section,否,Section,2,1,0.2,1,0,0.2,0.0,0.0,1,社区2:1
LE486959,第九条,Section,否,Section,2,2,1.15,1,1,0.2,0.95,0.0,2,社区2:2
LE867585,人民法院,RegulatoryAuthority,否,RegulatoryAuthority,2,1,0.15,1,0,0.15,0.0,0.0,1,社区2:1
LE874226,第三章,Chapter,否,Chapter,2,7,1.4,1,6,0.2,1.2,0.0,7,社区2:7
LE756202,第二条,Section,否,Section,2,1,0.2,1,0,0.2,0.0,0.0,1,社区2:1
LE235126,应当在平台服务协议和交易规则中明确平台内公平竞争规则,Action,否,Action,2,1,0.7,1,0,0.7,0.0,0.0,1,社区2:1
LE704542,第二十四条,Section,否,Section,2,2,0.35,1,1,0.2,0.15,0.0,2,社区2:2
LE495687,第一条,Section,否,Section,2,1,0.2,1,0,0.2,0.0,0.0,1,社区2:1
LE303789,没收违法所得,PunishmentMeasure,否,PunishmentMeasure,2,1,0.15,1,0,0.15,0.0,0.0,1,社区2:1
LE475622,第十三条,Section,否,Section,2,2,1.15,1,1,0.2,0.95,0.0,2,社区2:2
LE403641,第十四条,Section,否,Section,2,3,1.3,1,2,0.2,1.1,0.1546,3,社区2:3
LE416035,第四十条,Section,否,Section,2,1,0.2,1,0,0.2,0.0,0.0,1,社区2:1
LE061403,中小企业,DisadvantageHolder,否,DisadvantageHolder,14,2,0.85,2,0,0.85,0.0,0.4638,2,社区14:2
LE237378,本法第十二条规定,Law,否,Law,2,1,0.15,1,0,0.15,0.0,0.0,1,社区2:1
LE200593,第五条,Section,否,Section,2,2,0.35,1,1,0.2,0.15,0.0,2,社区2:2
LE676791,本法第十条规定,Law,否,Law,2,1,0.15,1,0,0.15,0.0,0.0,1,社区2:1
LE011652,第十六条,Section,否,Section,2,3,0.5,1,2,0.2,0.3,0.0,3,社区2:3
LE671671,不得对其商品的性能、功能、质量、销售状况、用户评价、曾获荣誉等作虚假或者引人误解的商业宣传,Action,否,Action,2,1,0.7,1,0,0.7,0.0,0.0,1,社区2:1
LE891036,第十条,Section,否,Section,2,1,0.2,1,0,0.2,0.0,0.0,1,社区2:1
LE937066,第二十二条,Section,否,Section,2,2,0.35,1,1,0.2,0.15,0.0,2,社区2:2
LE178619,其他经营者,DisadvantageHolder,否,DisadvantageHolder,2,1,0.15,1,0,0.15,0.0,0.0,1,社区2:1
LE734353,第五章,Chapter,否,Chapter,2,3,0.6,1,2,0.2,0.4,0.0,3,社区2:3
LE881968,第三条,Section,否,Section,2,1,0.2,1,0,0.2,0.0,0.0,1,社区2:1
LE214624,第六条,Section,否,Section,6,2,1.15,1,1,0.2,0.95,0.0,2,社区6:2
LE609055,资金优势,Advantage,否,Advantage,1,7,2.4,7,0,2.4,0.0,0.128,7,社区1:7
LE953469,第七章,Chapter,否,Chapter,5,2,0.4,1,1,0.2,0.2,0.0,2,社区5:2
LE207376,第四十五条,Section,否,Section,1,2,1.15,1,1,0.2,0.95,0.0,2,社区1:2
LE773058,第七条,Section,否,Section,6,4,3.05,1,3,0.2,2.85,0.0,4,社区6:4
LE174668,第三十条,Section,否,Section,1,1,0.2,1,0,0.2,0.0,0.0,1,社区1:1
LE074201,中国证监会,RegulatoryAuthority,否,RegulatoryAuthority,5,22,13.5,8,14,1.2,12.3,0.0325,22,社区0:3; 社区1:4; 社区3:6; 社区4:1; 社区5:7; 社区10:1
LE095952,第九章,Chapter,否,Chapter,5,5,1.0,1,4,0.2,0.8,0.0,5,社区1:1; 社区5:4
LE713783,能够实际管理、使用或处分的他人账户,Account,否,Account,1,1,0.6,1,0,0.6,0.0,0.0,1,社区1:1
LE138783,第五十五条,Section,否,Section,1,3,1.3,1,2,0.2,1.1,0.1741,3,社区1:1; 社区5:2
LE944958,其他市场操作,Means,否,Means,5,3,3.0,3,0,3.0,0.0,0.0,3,社区5:3
LE706853,第三十六条,Section,否,Section,9,5,4.0,1,4,0.2,3.8,0.0,5,社区1:1; 社区9:4
LE063646,第四十一条,Section,否,Section,1,2,1.15,1,1,0.2,0.95,0.0,2,社区1:2
LE308392,直接负责的主管人员,Actor,是,Actor,6,1,0.95,1,0,0.95,0.0,0.0,1,社区6:1
LE990638,证券咨询机构,Actor,是,Actor,9,6,5.85,3,3,2.85,3.0,0.0,6,社区9:6
LE691670,影响证券交易价格或交易量,Influence,否,Influence,1,5,0.75,5,0,0.75,0.0,0.0,5,社区1:5
LE073356,其他市场参与人,Actor,是,Actor,5,4,3.95,2,2,1.95,2.0,0.0871,4,社区5:4
LE693755,事先约定的时间、价格和方式相互进行证券交易,Means,否,Means,1,2,1.15,1,1,1.0,0.15,0.0,2,社区1:2
LE362174,回购股份,Means,否,Means,5,3,3.0,3,0,3.0,0.0,0.0,3,社区5:3
LE352249,散布不真实、不准确、不完整或不确定的重大信息,Means,否,Means,1,2,1.15,1,1,1.0,0.15,0.0,2,社区1:2
LE294184,第十九条,Section,否,Section,1,4,1.45,1,3,0.2,1.25,0.1741,4,社区1:2; 社区3:1; 社区5:1
LE840683,第四条,Section,否,Section,5,3,0.5,1,2,0.2,0.3,0.0,3,社区3:1; 社区5:2
LE305887,第十一条,Section,否,Section,9,2,1.15,1,1,0.2,0.95,0.0,2,社区6:1; 社区9:1
LE967512,证券市场操纵行为认定指引,Title,否,Title,5,9,1.8,0,9,0.0,1.8,0.0,9,社区1:1; 社区5:7; 社区6:1
LE170538,第三条,Section,否,Section,5,1,0.2,1,0,0.2,0.0,0.0,1,社区5:1
LE560397,第十八条,Section,否,Section,1,3,2.1,1,2,0.2,1.9,0.0,3,社区1:3
LE578096,第二十条,Section,否,Section,1,2,1.15,1,1,0.2,0.95,0.0,2,社区1:2
LE463876,第五十一条,Section,否,Section,5,1,0.2,1,0,0.2,0.0,0.0,1,社区5:1
LE194901,受托人,Actor,是,Actor,6,1,0.95,1,0,0.95,0.0,0.0,1,社区6:1
LE113739,第十三条,Section,否,Section,1,1,0.2,1,0,0.2,0.0,0.0,1,社区1:1
LE882651,致使证券交易价格上涨,Influence,否,Influence,1,4,0.6,4,0,0.6,0.0,0.0,4,社区1:4
LE355191,第八条,Section,否,Section,6,2,1.15,1,1,0.2,0.95,0.0,2,社区6:2
LE676858,第四十条,Section,否,Section,1,2,1.15,1,1,0.2,0.95,0.0,2,社区1:2
LE006567,第四十六条,Section,否,Section,1,1,0.2,1,0,0.2,0.0,0.0,1,社区1:1
LE464629,第四十九条,Section,否,Section,1,2,1.15,1,1,0.2,0.95,0.0,2,社区1:1; 社区5:1
LE486200,影响其他证券品种的交易价格或者交易量,Influence,否,Influence,1,1,0.15,1,0,0.15,0.0,0.0,1,社区1:1
LE442637,打压,Means,否,Means,1,2,1.15,1,1,1.0,0.15,0.0,2,社区1:2
LE789135,第二条,Section,否,Section,1,2,1.15,1,1,0.2,0.95,0.0,2,社区1:1; 社区5:1
LE342202,上市公司控股股东,Actor,是,Actor,5,4,3.95,2,2,1.95,2.0,0.0871,4,社区5:4
LE362813,锁定证券交易价格,Means,否,Means,1,3,1.3,1,2,1.0,0.3,0.0,3,社区1:3
LE537454,第二十二条,Section,否,Section,1,3,2.1,1,2,0.2,1.9,0.0,3,社区1:3
LE309592,通过拉抬、打压或锁定手段,Means,否,Means,1,2,1.15,1,1,1.0,0.15,0.0,2,社区1:2
LE304864,洗售操纵,Means,否,Means,1,2,1.15,1,1,1.0,0.15,0.0,2,社区1:2
LE584877,证券公司,Actor,是,Actor,9,7,6.8,4,3,3.8,3.0,0.0,7,社区9:7
LE345150,不以成交为目的的频繁申报和撤销申报,Means,否,Means,1,1,1.0,1,0,1.0,0.0,0.0,1,社区1:1
LE572961,通过期待的市场波动取得经济利益,Influence,否,Influence,9,3,0.45,3,0,0.45,0.0,0.0,3,社区9:3
LE937397,第五十条,Section,否,Section,5,1,0.2,1,0,0.2,0.0,0.0,1,社区5:1
LE155013,自己名义开设的实名账户,Account,否,Account,1,1,0.6,1,0,0.6,0.0,0.0,1,社区1:1
LE446536,抢帽子交易操纵,Means,否,Means,9,7,6.15,6,1,6.0,0.15,0.0,7,社区1:1; 社区9:6
LE197238,第三十七条,Section,否,Section,9,6,4.95,1,5,0.2,4.75,0.0,6,社区1:2; 社区9:4
LE572836,管理人,Actor,是,Actor,6,1,0.95,1,0,0.95,0.0,0.0,1,社区6:1
LE957760,第二十九条,Section,否,Section,1,2,1.15,1,1,0.2,0.95,0.0,2,社区1:2
LE497757,买卖或者持有相关证券,Means,否,Means,9,5,4.15,4,1,4.0,0.15,0.0,5,社区9:5
LE516681,第一条,Section,否,Section,5,1,0.2,1,0,0.2,0.0,0.0,1,社区5:1
LE609103,证券监管机关,RegulatoryAuthority,否,RegulatoryAuthority,5,1,0.15,1,0,0.15,0.0,0.0,1,社区5:1
LE164798,第十条,Section,否,Section,6,2,1.15,1,1,0.2,0.95,0.0,2,社区6:2
LE701236,第二十三条,Section,否,Section,1,1,0.2,1,0,0.2,0.0,0.0,1,社区1:1
LE531933,以低于市价的价格发出卖出申报,Means,否,Means,1,4,1.45,1,3,1.0,0.45,0.0,4,社区1:4
LE776661,利用人,Actor,是,Actor,6,2,1.55,1,1,0.95,0.6,0.0,2,社区6:2
LE252922,对该证券或其发行人、上市公司公开做出评价、预测或者投资建议,Means,否,Means,9,5,4.15,4,1,4.0,0.15,0.0,5,社区9:5
LE273397,诱导投资者在不了解事实真相的情况下做出投资决定,Means,否,Means,1,2,1.15,1,1,1.0,0.15,0.0,2,社区1:2
LE216398,利用不真实、不准确、不完整或不确定的重大信息的行为,Means,否,Means,1,2,1.15,1,1,1.0,0.15,0.0,2,社区1:2
LE982273,第一章,Chapter,否,Chapter,5,5,1.0,1,4,0.2,0.8,0.0,5,社区1:1; 社区5:4
LE424259,上市公司,Actor,是,Actor,5,4,3.95,2,2,1.95,2.0,0.0871,4,社区5:4
LE616526,社会团体,Actor,是,Actor,6,1,0.95,1,0,0.95,0.0,0.0,1,社区6:1
LE560471,第二十一条,Section,否,Section,1,2,1.15,1,1,0.2,0.95,0.0,2,社区1:2
LE705949,连续、交替进行3次以上的申报和撤销申报,Means,否,Means,1,1,1.0,1,0,1.0,0.0,0.0,1,社区1:1
LE841936,第六章,Chapter,否,Chapter,5,2,0.4,1,1,0.2,0.2,0.0,2,社区5:2
LE905579,第二十八条,Section,否,Section,1,2,1.15,1,1,0.2,0.95,0.0,2,社区1:2
LE918199,第五条,Section,否,Section,6,11,9.7,1,10,0.2,9.5,0.0,11,社区6:11
LE349998,公司,Actor,是,Actor,6,1,0.95,1,0,0.95,0.0,0.0,1,社区6:1
LE051929,个人,Actor,是,Actor,6,3,2.9,2,1,1.9,1.0,0.0,3,社区6:3
LE549841,第二章,Chapter,否,Chapter,6,9,1.8,1,8,0.2,1.6,0.0,9,社区5:1; 社区6:7; 社区9:1
LE114217,盗用单位名义操纵证券市场,Means,否,Means,6,1,1.0,1,0,1.0,0.0,0.0,1,社区6:1
LE757188,不正当手段,Means,否,Means,1,2,1.15,1,1,1.0,0.15,0.0,2,社区1:2
LE850611,影响证券交易价格或者证券交易量,Influence,否,Influence,1,8,1.2,8,0,1.2,0.0,0.0,8,社区1:8
LE322279,证券执法人员,RegulatoryAuthority,否,RegulatoryAuthority,1,2,1.15,1,1,0.15,1.0,0.5223,2,社区1:2
LE370660,特定时间的价格或价值操纵,Means,否,Means,1,2,1.15,1,1,1.0,0.15,0.0,2,社区1:2
LE134587,第二十四条,Section,否,Section,1,2,1.15,1,1,0.2,0.95,0.0,2,社区1:2
LE319262,其他直接责任人员,Actor,是,Actor,6,1,0.95,1,0,0.95,0.0,0.0,1,社区6:1
LE117645,第十七条,Section,否,Section,1,3,1.3,1,2,0.2,1.1,0.1741,3,社区1:3
LE456227,第二十五条,Section,否,Section,1,2,1.15,1,1,0.2,0.95,0.0,2,社区1:2
LE804705,第三十三条,Section,否,Section,1,2,1.15,1,1,0.2,0.95,0.0,2,社区1:2
LE055513,第三十九条,Section,否,Section,1,2,1.15,1,1,0.2,0.95,0.0,2,社区1:2
LE512505,2个以上行为人,Actor,是,Actor,1,9,7.7,2,7,1.9,5.8,0.112,9,社区1:9
LE845404,单位,Actor,是,Actor,6,3,2.85,3,0,2.85,0.0,0.0,3,社区6:3
LE873875,第二十七条,Section,否,Section,1,1,0.2,1,0,0.2,0.0,0.0,1,社区1:1
LE030990,第三十八条,Section,否,Section,1,2,1.15,1,1,0.2,0.95,0.0,2,社区1:2
LE904779,证券交易所,RegulatoryAuthority,否,RegulatoryAuthority,3,27,7.45,8,19,1.2,6.25,0.0428,27,社区1:3; 社区3:17; 社区5:2; 社区8:5
LE649389,利用不真实、不准确、不完整或不确定的重大信息,Means,否,Means,1,3,1.3,1,2,1.0,0.3,0.0,3,社区1:3
LE366563,影响相关证券的参考价格或者结算价格或者参考价值,Influence,否,Influence,1,2,0.3,2,0,0.3,0.0,0.0,2,社区1:2
LE155720,编造、传播或者散布不真实、不准确、不完整或不确定的重大信息之前买入或卖出相关证券,Means,否,Means,1,1,1.0,1,0,1.0,0.0,0.0,1,社区1:1
LE026558,第五十三条,Section,否,Section,5,2,0.35,1,1,0.2,0.15,0.0,2,社区5:2
LE232971,致使证券交易价格下跌,Influence,否,Influence,1,4,0.6,4,0,0.6,0.0,0.0,4,社区1:4
LE847802,连续买卖证券,Means,否,Means,1,7,2.75,2,5,2.0,0.75,0.128,7,社区1:7
LE105707,证券监管机构,RegulatoryAuthority,否,RegulatoryAuthority,5,1,0.15,1,0,0.15,0.0,0.0,1,社区5:1
LE422805,第三章,Chapter,否,Chapter,1,36,7.2,1,35,0.2,7.0,0.0,36,社区1:32; 社区5:1; 社区9:3
LE287356,影响证券收市价格,Influence,否,Influence,1,2,0.3,2,0,0.3,0.0,0.0,2,社区1:2
LE331623,致使证券交易价格形成虚拟的价格水平,Influence,否,Influence,1,4,0.6,4,0,0.6,0.0,0.0,4,社区1:4
LE098964,持股优势,Advantage,否,Advantage,1,8,3.0,8,0,3.0,0.0,0.096,8,社区1:8
LE499673,第三十五条,Section,否,Section,9,5,4.0,1,4,0.2,3.8,0.0,5,社区1:1; 社区9:4
LE413748,第五十六条,Section,否,Section,5,2,0.35,1,1,0.2,0.15,0.0,2,社区5:2
LE378959,尾市交易操纵,Means,否,Means,1,3,1.3,1,2,1.0,0.3,0.0,3,社区1:3
LE512269,第十四条,Section,否,Section,1,4,1.45,1,3,0.2,1.25,0.1741,4,社区1:2; 社区3:1; 社区5:1
LE807126,机关,Actor,是,Actor,6,1,0.95,1,0,0.95,0.0,0.0,1,社区6:1
LE681775,联合买卖证券,Means,否,Means,1,7,2.75,2,5,2.0,0.75,0.128,7,社区1:7
LE483909,锁定手段,Means,否,Means,1,2,1.15,1,1,1.0,0.15,0.0,2,社区1:2
LE919426,第五十二条,Section,否,Section,5,2,0.35,1,1,0.2,0.15,0.0,2,社区5:2
LE295735,事业单位,Actor,是,Actor,6,1,0.95,1,0,0.95,0.0,0.0,1,社区6:1
LE325409,在自己实际控制的账户之间进行证券交易,Means,否,Means,1,2,1.15,1,1,1.0,0.15,0.0,2,社区1:2
LE489345,信息优势,Advantage,否,Advantage,1,7,2.4,7,0,2.4,0.0,0.128,7,社区1:7
LE212954,通过发出买入或者卖出申报,Means,否,Means,1,4,1.45,1,3,1.0,0.45,0.0,4,社区1:4
LE133846,约定交易操纵,Means,否,Means,1,1,0.15,0,1,0.0,0.15,0.0,1,社区1:1
LE628964,影响特定时间的价格或价值,Influence,否,Influence,1,1,0.15,1,0,0.15,0.0,0.0,1,社区1:1
LE171749,第三十二条,Section,否,Section,1,2,1.15,1,1,0.2,0.95,0.0,2,社区1:2
LE560089,其工作人员,Actor,是,Actor,9,3,2.9,2,1,1.9,1.0,0.0,3,社区9:3
LE674827,拉抬,Means,否,Means,1,2,1.15,1,1,1.0,0.15,0.0,2,社区1:2
LE053666,联合或者连续买卖,Means,否,Means,1,4,0.6,0,4,0.0,0.6,0.0,4,社区1:4
LE440505,联合买卖,Means,否,Means,1,1,1.0,1,0,1.0,0.0,0.0,1,社区1:1
LE290868,连续买卖,Means,否,Means,1,1,1.0,1,0,1.0,0.0,0.0,1,社区1:1
LE910115,第十二条,Section,否,Section,6,3,2.1,1,2,0.2,1.9,0.0,3,社区6:3
LE823345,第八章,Chapter,否,Chapter,5,2,0.4,1,1,0.2,0.2,0.0,2,社区5:2
LE926868,第九条,Section,否,Section,6,2,1.15,1,1,0.2,0.95,0.0,2,社区6:2
LE703500,操纵证券收市价格,Influence,否,Influence,1,4,0.6,4,0,0.6,0.0,0.0,4,社区1:4
LE144758,工作人员,Actor,是,Actor,9,4,3.95,1,3,0.95,3.0,0.0,4,社区9:4
LE050288,利用他人账户,Account,否,Account,6,1,0.6,1,0,0.6,0.0,0.0,1,社区6:1
LE400985,行为人,Actor,是,Actor,1,67,63.35,28,39,26.75,36.6,0.0014,67,社区1:63; 社区3:1; 社区5:1; 社区9:2
LE093957,非法人组织,Actor,是,Actor,6,1,0.95,1,0,0.95,0.0,0.0,1,社区6:1
LE730128,蛊惑交易操纵,Means,否,Means,1,2,1.15,1,1,1.0,0.15,0.0,2,社区1:2
LE383719,第四章,Chapter,否,Chapter,5,2,0.4,1,1,0.2,0.2,0.0,2,社区5:2
LE759048,任何人,Actor,是,Actor,6,1,0.95,1,0,0.95,0.0,0.0,1,社区6:1
LE379370,《证券法》,Law,否,Law,5,2,0.3,2,0,0.3,0.0,0.0,2,社区3:1; 社区5:1
LE294394,与他人串通,Means,否,Means,1,2,1.15,1,1,1.0,0.15,0.0,2,社区1:2
LE660677,在编造、传播或者散布不真实、不准确、不完整或不确定的重大信息之前或者之后进行证券交易,Means,否,Means,1,2,1.15,1,1,1.0,0.15,0.0,2,社区1:2
LE017673,第四十八条,Section,否,Section,5,5,3.2,1,4,0.2,3.0,0.1567,5,社区5:5
LE103321,影响证券交易价格或证券交易量,Influence,否,Influence,1,3,0.45,3,0,0.45,0.0,0.0,3,社区1:3
LE145403,频繁申报和撤销申报,Means,否,Means,1,1,1.0,1,0,1.0,0.0,0.0,1,社区1:1
LE053323,以高于市价的价格发出买入申报,Means,否,Means,1,4,1.45,1,3,1.0,0.45,0.0,4,社区1:4
LE099951,能够对证券市场上一般投资者的投资决策产生影响,Influence,否,Influence,1,2,0.3,2,0,0.3,0.0,0.0,2,社区1:2
LE313404,频繁申报和撤销申报的行为,Means,否,Means,1,2,1.15,1,1,1.0,0.15,0.0,2,社区1:2
LE440226,第二十六条,Section,否,Section,1,1,0.2,1,0,0.2,0.0,0.0,1,社区1:1
LE511393,第十五条,Section,否,Section,1,2,1.15,1,1,0.2,0.95,0.0,2,社区1:2
LE683388,第四十七条,Section,否,Section,1,2,1.15,1,1,0.2,0.95,0.0,2,社区1:2
LE913923,虚假申报操纵,Means,否,Means,1,2,1.15,1,1,1.0,0.15,0.0,2,社区1:2
LE992645,企业,Actor,是,Actor,6,1,0.95,1,0,0.95,0.0,0.0,1,社区6:1
LE238315,第五十七条,Section,否,Section,5,2,0.35,1,1,0.2,0.15,0.0,2,社区5:2
LE556594,第三十四条,Section,否,Section,1,2,1.15,1,1,0.2,0.95,0.0,2,社区1:2
LE742687,中国证券监督管理委员会,RegulatoryAuthority,否,RegulatoryAuthority,5,1,0.15,1,0,0.15,0.0,0.0,1,社区5:1
LE446267,第五十四条,Section,否,Section,5,1,0.2,1,0,0.2,0.0,0.0,1,社区5:1
LE709445,他人名义开设的账户,Account,否,Account,1,1,0.6,1,0,0.6,0.0,0.0,1,社区1:1
LE965738,自然人,Actor,是,Actor,6,1,0.95,1,0,0.95,0.0,0.0,1,社区6:1
LE560763,编造、传播、散布不真实、不准确、不完整或不确定的重大信息及股价发生波动之后卖出或买入相关证券,Means,否,Means,1,1,1.0,1,0,1.0,0.0,0.0,1,社区1:1
LE609637,第四十二条,Section,否,Section,1,1,0.2,1,0,0.2,0.0,0.0,1,社区1:1
LE940255,在某一时段内一起买入或卖出某种证券,Means,否,Means,1,1,1.0,1,0,1.0,0.0,0.0,1,社区1:1
LE554375,第十六条,Section,否,Section,1,1,0.2,1,0,0.2,0.0,0.0,1,社区1:1
LE530149,拉抬、打压或锁定,Means,否,Means,1,4,1.45,1,3,1.0,0.45,0.0,4,社区1:4
LE191342,单一的行为人,Actor,是,Actor,1,7,5.75,1,6,0.95,4.8,0.1921,7,社区1:7
LE444633,第四十三条,Section,否,Section,1,2,1.15,1,1,0.2,0.95,0.0,2,社区1:2
LE818661,连续交易操纵,Means,否,Means,1,7,2.75,2,5,2.0,0.75,0.128,7,社区1:7
LE921159,证券执法人员,Actor,是,Actor,1,3,2.5,2,1,1.9,0.6,0.0,3,社区1:3
LE241640,第五章,Chapter,否,Chapter,5,4,0.8,1,3,0.2,0.6,0.0,4,社区1:1; 社区5:3
LE615372,专业中介机构,Actor,是,Actor,9,6,5.85,3,3,2.85,3.0,0.0,6,社区9:6
LE780181,法人,Actor,是,Actor,6,1,0.95,1,0,0.95,0.0,0.0,1,社区6:1
LE342856,操纵某一证券品种的交易价格或者交易量,Means,否,Means,1,2,1.15,1,1,1.0,0.15,0.0,2,社区1:2
LE565386,第五十八条,Section,否,Section,5,1,0.2,1,0,0.2,0.0,0.0,1,社区5:1
LE872601,操纵证券交易价格或者证券交易量,Influence,否,Influence,1,4,0.6,4,0,0.6,0.0,0.0,4,社区1:4
LE131654,第四十四条,Section,否,Section,1,2,1.15,1,1,0.2,0.95,0.0,2,社区1:2
LE131666,第三十一条,Section,否,Section,1,2,1.15,1,1,0.2,0.95,0.0,2,社区1:2
LE957794,第二十六条,Section,否,Section,0,2,1.15,1,1,0.2,0.95,0.0,2,社区0:2
LE450106,第二十三条,Section,否,Section,0,10,4.9,1,9,0.2,4.7,0.1857,10,社区0:10
LE962395,第五条,Section,否,Section,3,3,2.1,1,2,0.2,1.9,0.0,3,社区0:1; 社区3:2
LE082068,第二条,Section,否,Section,0,5,1.6,1,4,0.2,1.4,0.1567,5,社区0:5
LE094382,第二十八条,Section,否,Section,0,8,6.05,1,7,0.2,5.85,0.1119,8,社区0:8
LE969417,控股股东,PartyWithResponsibility,是,PartyWithResponsibility,3,17,16.75,6,11,5.75,11.0,0.0461,17,社区3:16; 社区5:1
LE822261,第十二条,Section,否,Section,0,7,2.7,1,6,0.2,2.5,0.199,7,社区0:7
LE196667,第八条,Section,否,Section,0,9,4.6,1,8,0.2,4.4,0.2321,9,社区0:9
LE504649,第九条,Section,否,Section,0,7,3.5,1,6,0.2,3.3,0.2239,7,社区0:7
LE884992,第二十四条,Section,否,Section,0,3,1.3,1,2,0.2,1.1,0.1741,3,社区0:3
LE250745,抄送保荐机构,Action,否,Action,0,5,4.15,5,0,4.15,0.0,0.2089,5,社区0:5
LE536196,子公司,PartyWithResponsibility,是,PartyWithResponsibility,12,2,1.95,1,1,0.95,1.0,0.0,2,社区12:2
LE460253,审议通过,Action,否,Action,0,11,7.6,11,0,7.6,0.0,0.1614,11,社区0:11
LE625246,并履行必要的信息披露义务,Responsibility,否,Responsibility,0,4,4.0,4,0,4.0,0.0,0.0,4,社区0:4
LE342738,第二章,Chapter,否,Chapter,0,4,0.8,1,3,0.2,0.6,0.0,4,社区0:4
LE211520,董事会,PartyWithResponsibility,是,PartyWithResponsibility,0,40,39.6,9,31,8.6,31.0,0.0208,40,社区0:40
LE224319,第一章,Chapter,否,Chapter,0,7,1.4,1,6,0.2,1.2,0.0,7,社区0:4; 社区3:2; 社区10:1
LE181498,第四章,Chapter,否,Chapter,0,8,1.6,1,7,0.2,1.4,0.0,8,社区0:8
LE577355,提高募集资金使用效益,Responsibility,否,Responsibility,10,2,2.0,2,0,2.0,0.0,0.0,2,社区0:1; 社区10:1
LE360846,应当按照招股说明书或者募集说明书所列用途使用,Responsibility,否,Responsibility,0,5,5.0,5,0,5.0,0.0,0.0,5,社区0:5
LE433592,使用闲置募集资金投资产品,Action,否,Action,0,6,5.15,6,0,5.15,0.0,0.1741,6,社区0:6
LE018915,第十六条,Section,否,Section,0,4,1.45,1,3,0.2,1.25,0.1741,4,社区0:4
LE617364,相关规则,Law,否,Law,0,1,0.3,1,0,0.3,0.0,0.0,1,社区0:1
LE783261,第七条,Section,否,Section,0,3,1.3,1,2,0.2,1.1,0.1741,3,社区0:3
LE183658,第五章,Chapter,否,Chapter,0,5,1.0,1,4,0.2,0.8,0.0,5,社区0:5
LE012322,第十七条,Section,否,Section,0,13,6.8,1,12,0.2,6.6,0.2411,13,社区0:13
LE624835,上海证券交易所上市公司募集资金管理办法,Title,否,Title,0,6,1.2,0,6,0.0,1.2,0.0,6,社区0:6
LE941076,报告本所,Action,否,Action,0,14,7.2,13,1,7.05,0.15,0.1435,14,社区0:14
LE970110,董事会审议通过,Action,否,Action,0,6,5.15,6,0,5.15,0.0,0.1741,6,社区0:6
LE850370,以募集资金置换自筹资金,Action,否,Action,0,3,2.15,3,0,2.15,0.0,0.3482,3,社区0:3
LE216832,监事,PartyWithResponsibility,是,PartyWithResponsibility,3,25,24.65,9,16,8.65,16.0,0.0314,25,社区3:24; 社区5:1
LE261806,第十五条,Section,否,Section,0,8,4.45,1,7,0.2,4.25,0.2239,8,社区0:8
LE834952,报告,Action,否,Action,0,10,7.45,10,0,7.45,0.0,0.1161,10,社区0:10
LE496156,独立董事、保荐机构、监事会发表明确同意意见,Responsibility,否,Responsibility,0,2,2.0,2,0,2.0,0.0,0.0,2,社区0:2
LE655633,进行现金管理,Action,否,Action,0,4,1.45,2,2,1.15,0.3,0.0871,4,社区0:4
LE584323,公告,Action,否,Action,0,17,9.35,14,3,8.9,0.45,0.073,17,社区0:17
LE088340,持续督导,Action,否,Action,0,2,1.15,2,0,1.15,0.0,0.5223,2,社区0:2
LE994042,第四条,Section,否,Section,3,7,3.5,1,6,0.2,3.3,0.2239,7,社区0:1; 社区3:6
LE203453,注销产品专用结算账户,Action,否,Action,0,4,1.45,2,2,1.15,0.3,0.0871,4,社区0:4
LE173324,不得变相改变募集资金用途,Restriction,否,Restriction,0,3,0.45,3,0,0.45,0.0,0.0,3,社区0:3
LE279862,第二十九条,Section,否,Section,0,4,2.25,1,3,0.2,2.05,0.1741,4,社区0:4
LE784812,解释具体原因,Action,否,Action,0,5,4.15,5,0,4.15,0.0,0.2089,5,社区0:5
LE662610,决定是否继续实施,Action,否,Action,0,2,1.15,2,0,1.15,0.0,0.5223,2,社区0:2
LE051127,股东大会,PartyWithResponsibility,是,PartyWithResponsibility,0,9,8.95,2,7,1.95,7.0,0.0871,9,社区0:9
LE721433,应当经董事会审议通过,Responsibility,否,Responsibility,0,4,4.0,4,0,4.0,0.0,0.0,4,社区0:4
LE794738,第三章,Chapter,否,Chapter,0,10,2.0,1,9,0.2,1.8,0.0,10,社区0:10
LE907041,披露,Action,否,Action,0,7,5.3,7,0,5.3,0.0,0.1492,7,社区0:7
LE888172,不得影响募集资金投资计划正常进行,Restriction,否,Restriction,0,4,0.6,4,0,0.6,0.0,0.0,4,社区0:4
LE747047,第三十一条,Section,否,Section,3,12,8.4,1,11,0.2,8.2,0.1295,12,社区0:4; 社区3:6; 社区5:1; 社区10:1
LE594633,应当将募集资金集中存放于募集资金专户,Responsibility,否,Responsibility,0,4,4.0,4,0,4.0,0.0,0.0,4,社区0:4
LE609526,董事会审计委员会,PartyWithResponsibility,是,PartyWithResponsibility,0,4,3.95,2,2,1.95,2.0,0.0871,4,社区0:4
LE188216,第三条,Section,否,Section,0,6,2.55,1,5,0.2,2.35,0.2089,6,社区0:6
LE312170,自觉维护上市公司募集资金安全,Responsibility,否,Responsibility,3,3,3.0,3,0,3.0,0.0,0.0,3,社区3:3
LE074530,《上海证券交易所股票上市规则》,Law,否,Law,10,3,0.75,3,0,0.75,0.0,0.063,3,社区3:1; 社区5:1; 社区10:1
LE106996,报本所备案,Action,否,Action,0,6,2.6,4,2,2.3,0.3,0.1045,6,社区0:6
LE067712,公告改变原因,Action,否,Action,0,6,5.15,6,0,5.15,0.0,0.1741,6,社区0:6
LE977841,出具专项核查报告,Action,否,Action,0,3,2.15,3,0,2.15,0.0,0.3482,3,社区0:3
LE631844,履行保荐职责,Action,否,Action,0,2,1.15,2,0,1.15,0.0,0.5223,2,社区0:2
LE261137,第十一条,Section,否,Section,0,3,1.3,1,2,0.2,1.1,0.1741,3,社区0:3
LE289501,督促上市公司规范使用募集资金,Responsibility,否,Responsibility,3,3,3.0,3,0,3.0,0.0,0.0,3,社区3:3
LE223063,第二十条,Section,否,Section,0,6,2.55,1,5,0.2,2.35,0.2089,6,社区0:6
LE108727,上市公司控制的其他企业,PartyWithResponsibility,是,PartyWithResponsibility,12,2,1.95,1,1,0.95,1.0,0.0,2,社区12:2
LE653545,保荐机构发表明确同意意见,Responsibility,否,Responsibility,0,4,4.0,4,0,4.0,0.0,0.0,4,社区0:4
LE636150,第一条,Section,否,Section,10,9,3.25,1,8,0.2,3.05,0.0,9,社区0:1; 社区10:8
LE818240,会计师事务所,PartyWithResponsibility,是,PartyWithResponsibility,0,7,6.9,4,3,3.9,3.0,0.0746,7,社区0:4; 社区3:2; 社区5:1
LE586572,聘请会计师事务所,Action,否,Action,0,5,4.15,5,0,4.15,0.0,0.2089,5,社区0:5
LE360924,提交董事会审议,Action,否,Action,0,6,4.3,6,0,4.3,0.0,0.2786,6,社区0:6
LE808059,募集资金,Action,否,Action,0,2,1.15,2,0,1.15,0.0,0.5223,2,社区0:2
LE437820,《上市公司日常信息披露工作备忘录第七号——上市公司超募资金的使用与管理》,Law,否,Law,0,1,0.3,1,0,0.3,0.0,0.0,1,社区0:1
LE039907,用于其他募投项目,Action,否,Action,0,5,4.15,5,0,4.15,0.0,0.2089,5,社区0:5
LE515261,第十四条,Section,否,Section,0,8,5.25,1,7,0.2,5.05,0.1865,8,社区0:8
LE741634,发表明确同意意见,Responsibility,否,Responsibility,0,6,6.0,6,0,6.0,0.0,0.0,6,社区0:6
LE681143,投资于主营业务,Action,否,Action,0,3,1.3,3,0,1.3,0.0,0.3482,3,社区0:3
LE194339,集中管理,Action,否,Action,0,3,1.3,2,1,1.15,0.15,0.1741,3,社区0:3
LE337476,《公司法》,Law,否,Law,10,1,0.3,1,0,0.3,0.0,0.0,1,社区10:1
LE527929,第三十三条,Section,否,Section,0,3,1.45,1,2,0.2,1.25,0.0,3,社区0:3
LE437955,归还银行贷款,Action,否,Action,0,8,6.3,8,0,6.3,0.0,0.1306,8,社区0:8
LE933280,第三十二条,Section,否,Section,0,1,0.2,1,0,0.2,0.0,0.0,1,社区0:1
LE862559,《上市公司证券发行管理办法》,Law,否,Law,10,1,0.3,1,0,0.3,0.0,0.0,1,社区10:1
LE103135,第二十一条,Section,否,Section,0,11,5.7,1,10,0.2,5.5,0.2374,11,社区0:11
LE280397,公开发行证券,Action,否,Action,0,2,1.15,2,0,1.15,0.0,0.5223,2,社区0:2
LE771865,必须经董事会、股东大会审议通过,Responsibility,否,Responsibility,0,5,5.0,5,0,5.0,0.0,0.0,5,社区0:5
LE953750,将超募资金用于在建项目及新项目,Action,否,Action,0,2,1.15,2,0,1.15,0.0,0.5223,2,社区0:2
LE073848,置换募投项目,Action,否,Action,0,5,4.15,5,0,4.15,0.0,0.2089,5,社区0:5
LE826607,应当予以积极配合,Responsibility,否,Responsibility,0,6,6.0,6,0,6.0,0.0,0.0,6,社区0:6
LE330515,实际控制人,PartyWithResponsibility,是,PartyWithResponsibility,3,18,17.7,7,11,6.7,11.0,0.041,18,社区3:17; 社区5:1
LE207345,负责解释,Responsibility,否,Responsibility,0,1,1.0,1,0,1.0,0.0,0.0,1,社区0:1
LE522310,高级管理人员,PartyWithResponsibility,是,PartyWithResponsibility,3,23,22.7,7,16,6.7,16.0,0.0268,23,社区3:22; 社区5:1
LE503057,应当存放于经董事会批准设立的专项账户,Responsibility,否,Responsibility,0,1,1.0,1,0,1.0,0.0,0.0,1,社区0:1
LE115461,保荐机构,PartyWithResponsibility,是,PartyWithResponsibility,0,50,49.45,13,37,12.45,37.0,0.0153,50,社区0:47; 社区3:2; 社区5:1
LE672073,为股东提供网络投票表决方式,Responsibility,否,Responsibility,0,6,6.0,6,0,6.0,0.0,0.0,6,社区0:6
LE906433,暂时用于补充流动资金,Action,否,Action,0,6,4.3,5,1,4.15,0.15,0.1393,6,社区0:6
LE503969,补充流动资金,Action,否,Action,0,8,6.3,8,0,6.3,0.0,0.1306,8,社区0:8
LE410813,适用本办法,Responsibility,否,Responsibility,12,3,3.0,3,0,3.0,0.0,0.0,3,社区0:1; 社区12:2
LE880614,纵容,Action,否,Action,3,4,3.15,4,0,3.15,0.0,0.2612,4,社区3:4
LE025252,本办法,Law,否,Law,0,3,0.9,3,0,0.9,0.0,0.0,3,社区0:3
LE471605,变更募投项目,Action,否,Action,0,8,5.45,8,0,5.45,0.0,0.1865,8,社区0:8
LE601276,募集资金专户不得存放非募集资金,Restriction,否,Restriction,0,1,0.15,1,0,0.15,0.0,0.0,1,社区0:1
LE060328,废止,Action,否,Action,0,2,1.15,2,0,1.15,0.0,0.5223,2,社区0:2
LE680862,出具鉴证报告,Action,否,Action,0,5,4.15,5,0,4.15,0.0,0.2089,5,社区0:5
LE390385,第六条,Section,否,Section,0,6,2.05,1,5,0.2,1.85,0.0696,6,社区0:6
LE154902,应当及时报告本所并公告,Responsibility,否,Responsibility,0,1,1.0,1,0,1.0,0.0,0.0,1,社区0:1
LE533133,独立董事、监事会、保荐机构发表明确同意意见,Responsibility,否,Responsibility,0,5,5.0,5,0,5.0,0.0,0.0,5,社区0:5
LE629586,第十条,Section,否,Section,0,5,1.6,1,4,0.2,1.4,0.1567,5,社区0:5
LE888052,应当持续关注募集资金实际管理与使用情况,Responsibility,否,Responsibility,0,6,6.0,6,0,6.0,0.0,0.0,6,社区0:6
LE186039,使用情况应在年度报告中披露,Responsibility,否,Responsibility,0,4,4.0,4,0,4.0,0.0,0.0,4,社区0:4
LE662219,《首次公开发行股票并上市管理办法》,Law,否,Law,10,1,0.3,1,0,0.3,0.0,0.0,1,社区10:1
LE935215,履行募集资金专户存储三方监管协议,Action,否,Action,0,4,3.15,4,0,3.15,0.0,0.2612,4,社区0:4
LE883751,产品发行主体能够提供保本承诺,Responsibility,否,Responsibility,0,1,1.0,1,0,1.0,0.0,0.0,1,社区0:1
LE991993,《证券发行上市保荐业务管理办法》,Law,否,Law,0,1,0.3,1,0,0.3,0.0,0.0,1,社区0:1
LE591387,非公开发行证券,Action,否,Action,0,2,1.15,2,0,1.15,0.0,0.5223,2,社区0:2
LE784449,保护投资者的合法权益,Responsibility,否,Responsibility,10,1,1.0,1,0,1.0,0.0,0.0,1,社区10:1
LE892711,第三十四条,Section,否,Section,0,5,1.75,1,4,0.2,1.55,0.1045,5,社区0:5
LE762522,第二十五条,Section,否,Section,0,9,4.6,1,8,0.2,4.4,0.2321,9,社区0:9
LE636456,应当勤勉尽责,Responsibility,否,Responsibility,3,3,3.0,3,0,3.0,0.0,0.0,3,社区3:3
LE738411,应在董事会会议后2个交易日内报告本所并公告,Responsibility,否,Responsibility,0,4,4.0,4,0,4.0,0.0,0.0,4,社区0:4
LE070247,应当参照变更募投项目履行相应程序及披露义务,Responsibility,否,Responsibility,0,4,4.0,4,0,4.0,0.0,0.0,4,社区0:4
LE970998,协助,Action,否,Action,3,4,3.15,4,0,3.15,0.0,0.2612,4,社区3:4
LE434240,有效防范投资风险,Responsibility,否,Responsibility,0,1,1.0,1,0,1.0,0.0,0.0,1,社区0:1
LE733675,会计师事务所出具鉴证报告,Responsibility,否,Responsibility,0,2,2.0,2,0,2.0,0.0,0.0,2,社区0:2
LE587548,本所上市公司,PartyWithResponsibility,是,PartyWithResponsibility,10,3,2.95,1,2,0.95,2.0,0.0,3,社区10:3
LE095375,应充分关注转让价款收取和使用情况,Responsibility,否,Responsibility,0,4,4.0,4,0,4.0,0.0,0.0,4,社区0:4
LE560233,第十三条,Section,否,Section,0,6,1.75,1,5,0.2,1.55,0.1393,6,社区0:6
LE844605,第十八条,Section,否,Section,0,5,1.75,1,4,0.2,1.55,0.1045,5,社区0:5
LE184717,在本所网站披露,Action,否,Action,0,5,4.15,5,0,4.15,0.0,0.2089,5,社区0:5
LE961441,施行,Action,否,Action,0,2,1.15,2,0,1.15,0.0,0.5223,2,社区0:2
LE572426,用于非募投项目,Action,否,Action,0,5,4.15,5,0,4.15,0.0,0.2089,5,社区0:5
LE977114,第二十七条,Section,否,Section,0,12,5.05,1,11,0.2,4.85,0.2216,12,社区0:12
LE353759,使用情况应在最近一期定期报告中披露,Responsibility,否,Responsibility,0,2,2.0,2,0,2.0,0.0,0.0,2,社区0:2
LE337956,《上市公司监管指引第2号——上市公司募集资金管理和使用的监管要求》,Law,否,Law,10,1,0.3,1,0,0.3,0.0,0.0,1,社区10:1
LE181743,应当真实、准确、完整地披露,Responsibility,否,Responsibility,0,1,1.0,1,0,1.0,0.0,0.0,1,社区0:1
LE746112,商业银行,PartyWithResponsibility,是,PartyWithResponsibility,0,11,10.9,3,8,2.9,8.0,0.0665,11,社区0:11
LE624850,第六章,Chapter,否,Chapter,0,6,1.2,1,5,0.2,1.0,0.0,6,社区0:4; 社区3:1; 社区12:1
LE825440,本所,PartyWithResponsibility,是,PartyWithResponsibility,0,12,11.85,3,9,2.85,9.0,0.0475,12,社区0:12
LE625658,独立董事,PartyWithResponsibility,是,PartyWithResponsibility,0,40,39.6,9,31,8.6,31.0,0.0188,40,社区0:40
LE016086,第十九条,Section,否,Section,0,8,4.45,1,7,0.2,4.25,0.2239,8,社区0:8
LE829041,使用募集资金,Action,否,Action,0,3,1.3,3,0,1.3,0.0,0.3482,3,社区0:3
LE666571,《关于前次募集资金使用情况报告的规定》,Law,否,Law,10,1,0.3,1,0,0.3,0.0,0.0,1,社区10:1
LE459023,监事会,PartyWithResponsibility,是,PartyWithResponsibility,0,45,44.55,10,35,9.55,35.0,0.0185,45,社区0:45
LE304521,应当经董事会和股东大会审议通过,Responsibility,否,Responsibility,0,2,2.0,2,0,2.0,0.0,0.0,2,社区0:2
LE625566,应当及时通知保荐机构,Responsibility,否,Responsibility,0,4,4.0,4,0,4.0,0.0,0.0,4,社区0:4
LE176946,董事,PartyWithResponsibility,是,PartyWithResponsibility,3,25,24.65,9,16,8.65,16.0,0.0314,25,社区3:24; 社区5:1
LE992635,第三十条,Section,否,Section,12,4,3.05,1,3,0.2,2.85,0.0,4,社区0:2; 社区12:2
LE931556,上市公司董事会,PartyWithResponsibility,是,PartyWithResponsibility,0,13,12.85,4,9,3.85,9.0,0.0737,13,社区0:13
LE416790,本所,RegulatoryAuthority,否,RegulatoryAuthority,0,16,10.9,6,10,0.9,10.0,0.1088,16,社区0:16
LE061879,参与,Action,否,Action,3,4,3.15,4,0,3.15,0.0,0.2612,4,社区3:4
LE435602,投资产品不得质押,Restriction,否,Restriction,0,4,0.6,4,0,0.6,0.0,0.0,4,社区0:4
LE273530,董事会审议通过,Responsibility,否,Responsibility,0,2,2.0,2,0,2.0,0.0,0.0,2,社区0:2
LE637601,违反本办法,Action,否,Action,3,9,8.15,9,0,8.15,0.0,0.1161,9,社区0:3; 社区3:6
LE336976,签订募集资金专户存储三方监管协议,Action,否,Action,0,5,4.15,5,0,4.15,0.0,0.2089,5,社区0:5
LE468537,《证券法》,Law,否,Law,10,1,0.3,1,0,0.3,0.0,0.0,1,社区10:1
LE478273,第二十二条,Section,否,Section,0,3,1.3,1,2,0.2,1.1,0.1741,3,社区0:3
LE526783,上市公司,PartyWithResponsibility,是,PartyWithResponsibility,0,110,108.5,32,78,30.5,78.0,0.0067,110,社区0:90; 社区3:15; 社区4:1; 社区5:1; 社区10:1; 社区12:2
LE920968,以自筹资金预先投入募投项目,Action,否,Action,0,3,2.15,3,0,2.15,0.0,0.3482,3,社区0:3
LE535877,查询募集资金专户资料,Action,否,Action,0,5,4.15,5,0,4.15,0.0,0.2089,5,社区0:5
LE304424,应当用于主营业务,Responsibility,否,Responsibility,0,1,1.0,1,0,1.0,0.0,0.0,1,社区0:1
LE923177,发表明确同意意见,Action,否,Action,0,7,5.3,7,0,5.3,0.0,0.2239,7,社区0:7
LE735261,保证信息披露真实、准确、完整、及时、公平,Responsibility,否,Responsibility,3,6,6.0,6,0,6.0,0.0,0.0,6,社区0:1; 社区3:5
LE831758,所披露的信息有虚假记载,Action,否,Action,3,5,3.3,5,0,3.3,0.0,0.2089,5,社区3:5
LE874116,行政处罚,PunishmentMeasure,否,PunishmentMeasure,8,8,1.2,8,0,1.2,0.0,0.0,8,社区3:2; 社区8:6
LE212770,遗漏重大事项,Action,否,Action,3,7,2.5,7,0,2.5,0.0,0.1387,7,社区3:7
LE756919,《证券法》,Law,否,Law,3,2,0.6,2,0,0.6,0.0,0.0,2,社区3:2
LE489091,第四章信息披露违法行为责任人员及其责任认定,Chapter,否,Chapter,3,10,2.0,1,9,0.2,1.8,0.0,10,社区3:9; 社区8:1
LE096596,变造、隐瞒、毁灭证据,Action,否,Action,8,6,0.9,3,3,0.45,0.45,0.02,6,社区3:1; 社区8:5
LE402469,业务不入账,Action,否,Action,3,2,1.15,2,0,1.15,0.0,0.5223,2,社区3:2
LE636767,第十三条,Section,否,Section,3,1,0.2,1,0,0.2,0.0,0.0,1,社区3:1
LE862631,信息披露中记载的事实与真实情况不符,Action,否,Action,3,2,1.15,2,0,1.15,0.0,0.5223,2,社区3:2
LE046505,《行政处罚法》,Law,否,Law,3,1,0.3,1,0,0.3,0.0,0.0,1,社区3:1
LE527714,第九条,Section,否,Section,3,5,1.6,1,4,0.2,1.4,0.1567,5,社区3:5
LE645009,保荐人,PartyWithResponsibility,是,PartyWithResponsibility,8,4,3.95,2,2,1.95,2.0,0.4383,4,社区8:4
LE718055,信息披露义务,Responsibility,否,Responsibility,3,7,7.0,7,0,7.0,0.0,0.0,7,社区0:1; 社区3:6
LE845577,第三章信息披露义务人信息披露违法的责任认定,Chapter,否,Chapter,3,5,1.0,1,4,0.2,0.8,0.0,5,社区3:5
LE179815,第二十三条,Section,否,Section,8,8,1.25,1,7,0.2,1.05,0.0536,8,社区3:3; 社区8:5
LE158112,信息披露义务人,PartyWithResponsibility,是,PartyWithResponsibility,3,32,31.55,10,22,9.55,22.0,0.0348,32,社区3:32
LE158095,挪用资金、职务侵占等行为,Action,否,Action,3,9,8.15,9,0,8.15,0.0,0.1161,9,社区0:1; 社区3:8
LE354903,不按照相关规定进行会计核算和编制财务会计报告,Action,否,Action,3,2,1.15,2,0,1.15,0.0,0.5223,2,社区3:2
LE957645,第八条,Section,否,Section,3,9,2.2,1,8,0.2,2.0,0.1016,9,社区3:9
LE659352,保护投资者合法权益,Responsibility,否,Responsibility,3,7,7.0,7,0,7.0,0.0,0.0,7,社区0:1; 社区3:6
LE082128,第四条,Section,否,Section,3,6,1.55,1,5,0.2,1.35,0.0504,6,社区3:6
LE962316,行政法规,Law,否,Law,3,9,2.55,5,4,1.35,1.2,0.0764,9,社区3:9
LE023940,损害公司利益行为,Action,否,Action,3,9,8.15,9,0,8.15,0.0,0.1161,9,社区0:1; 社区3:8
LE246507,第十条,Section,否,Section,3,10,2.95,1,9,0.2,2.75,0.1367,10,社区3:10
LE961368,第十七条,Section,否,Section,3,7,4.3,1,6,0.2,4.1,0.199,7,社区3:7
LE641940,有关责任人员,PartyWithResponsibility,是,PartyWithResponsibility,3,3,2.95,1,2,0.95,2.0,0.0,3,社区3:3
LE601150,信息披露违法行为,Action,否,Action,3,31,12.9,27,4,12.3,0.6,0.0401,31,社区0:1; 社区3:27; 社区8:3
LE633282,从重处罚,PunishmentMeasure,否,PunishmentMeasure,8,5,0.75,5,0,0.75,0.0,0.0,5,社区3:1; 社区8:4
LE039319,真实、准确、完整、及时、公平披露信息,Responsibility,否,Responsibility,3,6,6.0,6,0,6.0,0.0,0.0,6,社区0:1; 社区3:5
LE173845,信息披露违法,Action,否,Action,3,22,10.95,18,4,10.35,0.6,0.0495,22,社区0:1; 社区3:16; 社区8:5
LE785681,第二条,Section,否,Section,3,2,0.5,1,1,0.2,0.3,0.0,2,社区3:2
LE933795,记入证券期货诚信档案,PunishmentMeasure,否,PunishmentMeasure,8,6,0.9,6,0,0.9,0.0,0.0,6,社区3:2; 社区8:4
LE584105,第一条,Section,否,Section,3,12,8.05,1,11,0.2,7.85,0.0,12,社区0:1; 社区3:11
LE113707,妨碍调查,Action,否,Action,8,6,0.9,3,3,0.45,0.45,0.02,6,社区3:1; 社区8:5
LE972671,第二十二条,Section,否,Section,3,3,2.1,1,2,0.2,1.9,0.0,3,社区3:3
LE883894,规章,Law,否,Law,3,9,2.55,5,4,1.35,1.2,0.0764,9,社区3:9
LE300791,第二十一条,Section,否,Section,3,6,2.55,1,5,0.2,2.35,0.2289,6,社区3:6
LE075489,责任人员,PartyWithResponsibility,是,PartyWithResponsibility,3,4,3.9,2,2,1.9,2.0,0.2612,4,社区3:4
LE457459,第二十四条,Section,否,Section,3,1,0.2,1,0,0.2,0.0,0.0,1,社区3:1
LE777279,不完整、不准确陈述,Action,否,Action,3,2,1.15,2,0,1.15,0.0,0.5223,2,社区3:2
LE885669,第三条,Section,否,Section,3,7,5.9,1,6,0.2,5.7,0.0,7,社区0:1; 社区3:6
LE594331,第二章信息披露违法行为,Chapter,否,Chapter,3,5,1.0,1,4,0.2,0.8,0.0,5,社区3:5
LE925712,收购人,PartyWithResponsibility,是,PartyWithResponsibility,3,3,2.95,1,2,0.95,2.0,0.0,3,社区3:3
LE227523,勤勉尽责,Action,否,Action,8,5,2.45,4,1,2.3,0.15,0.2257,5,社区8:5
LE968046,违法买卖公司股票行为,Action,否,Action,3,9,8.15,9,0,8.15,0.0,0.1161,9,社区0:1; 社区3:8
LE436330,第七条,Section,否,Section,3,9,2.8,1,8,0.2,2.6,0.1258,9,社区3:9
LE813140,不真实记载,Action,否,Action,3,2,1.15,2,0,1.15,0.0,0.5223,2,社区3:2
LE511416,信息披露违法行为行政责任认定规则（2011年4月29日证监会公告[2011]11号）,Title,否,Title,3,5,1.0,0,5,0.0,1.0,0.0,5,社区3:5
LE232418,虚构业务入账,Action,否,Action,3,2,1.15,2,0,1.15,0.0,0.5223,2,社区3:2
LE148134,第十四条,Section,否,Section,3,14,8.55,1,13,0.2,8.35,0.2296,14,社区0:1; 社区3:13
LE791146,规范性文件,Law,否,Law,3,8,2.25,4,4,1.05,1.2,0.0898,8,社区3:8
LE245773,不配合证券监管机构监管,Action,否,Action,8,6,0.9,3,3,0.45,0.45,0.02,6,社区3:1; 社区8:5
LE785983,证监会,RegulatoryAuthority,否,RegulatoryAuthority,8,13,3.65,3,10,0.45,3.2,0.056,13,社区3:3; 社区8:10
LE110157,发行人,PartyWithResponsibility,是,PartyWithResponsibility,3,7,6.9,2,5,1.9,5.0,0.0,7,社区3:7
LE263974,第十八条,Section,否,Section,3,9,3.8,1,8,0.2,3.6,0.2176,9,社区3:9
LE247215,提供伪证,Action,否,Action,8,6,0.9,3,3,0.45,0.45,0.02,6,社区3:1; 社区8:5
LE278928,综合审查认定其责任,PunishmentMeasure,否,PunishmentMeasure,3,1,0.15,1,0,0.15,0.0,0.0,1,社区3:1
LE178751,第五条,Section,否,Section,3,3,0.5,1,2,0.2,0.3,0.05,3,社区3:2; 社区8:1
LE956210,《中华人民共和国行政处罚法》,Law,否,Law,3,1,0.3,1,0,0.3,0.0,0.0,1,社区3:1
LE994600,误导性陈述或者重大遗漏,Action,否,Action,3,4,3.15,4,0,3.15,0.0,0.2612,4,社区3:4
LE436234,公司工作人员,PartyWithResponsibility,是,PartyWithResponsibility,3,6,5.95,1,5,0.95,5.0,0.1741,6,社区3:6
LE563223,第二十条,Section,否,Section,3,3,0.5,1,2,0.2,0.3,0.0,3,社区3:3
LE430007,保护投资者的合法权益,Responsibility,否,Responsibility,3,6,6.0,6,0,6.0,0.0,0.0,6,社区0:1; 社区3:5
LE249119,股东,PartyWithResponsibility,是,PartyWithResponsibility,3,1,0.95,1,0,0.95,0.0,0.0,1,社区3:1
LE330058,第一章总则,Chapter,否,Chapter,3,7,1.4,1,6,0.2,1.2,0.0,7,社区3:6; 社区8:1
LE373753,第五章附则,Chapter,否,Chapter,3,2,0.4,1,1,0.2,0.2,0.0,2,社区3:2
LE623817,第十一条,Section,否,Section,3,3,1.3,1,2,0.2,1.1,0.1741,3,社区3:3
LE159617,信息披露真实、准确、完整、及时和公平义务,Responsibility,否,Responsibility,3,3,3.0,3,0,3.0,0.0,0.0,3,社区3:3
LE905379,有关信息披露法律,Law,否,Law,3,2,0.45,2,0,0.45,0.0,0.189,2,社区3:2
LE270152,追究刑事责任,PunishmentMeasure,否,PunishmentMeasure,3,1,0.15,1,0,0.15,0.0,0.0,1,社区3:1
LE889984,第六条,Section,否,Section,8,6,2.55,1,5,0.2,2.35,0.2289,6,社区3:1; 社区8:5
LE790495,第十九条,Section,否,Section,3,1,0.2,1,0,0.2,0.0,0.0,1,社区3:1
LE056105,所披露的信息有重大遗漏,Action,否,Action,3,7,2.5,7,0,2.5,0.0,0.1387,7,社区3:7
LE917374,制作、出具的文件有虚假记载、误导性陈述或者重大遗漏的,Action,否,Action,8,5,2.45,4,1,2.3,0.15,0.2257,5,社区8:5
LE211268,第十六条,Section,否,Section,3,3,1.3,1,2,0.2,1.1,0.1741,3,社区3:3
LE747532,证券服务机构,PartyWithResponsibility,是,PartyWithResponsibility,8,4,3.95,2,2,1.95,2.0,0.4383,4,社区8:4
LE189276,市场禁入,PunishmentMeasure,否,PunishmentMeasure,3,1,0.15,1,0,0.15,0.0,0.0,1,社区3:1
LE285036,第十五条,Section,否,Section,3,8,4.1,1,7,0.2,3.9,0.0815,8,社区3:8
LE630882,第十二条,Section,否,Section,3,1,0.2,1,0,0.2,0.0,0.0,1,社区3:1
LE919597,法律,Law,否,Law,3,8,2.25,4,4,1.05,1.2,0.0915,8,社区3:8
LE717368,未按照规定披露信息,Action,否,Action,3,10,4.65,10,0,4.65,0.0,0.0995,10,社区3:10
LE658225,《中华人民共和国证券法》,Law,否,Law,3,1,0.3,1,0,0.3,0.0,0.0,1,社区3:1
LE871273,所披露的信息有误导性陈述,Action,否,Action,3,2,1.15,2,0,1.15,0.0,0.5223,2,社区3:2
LE549520,第三条,Section,否,Section,4,2,1.15,1,1,0.2,0.95,0.0,2,社区4:2
LE433512,专家,PartyWithResponsibility,是,PartyWithResponsibility,4,2,1.75,1,1,0.95,0.8,0.0,2,社区4:2
LE932356,第十三条,Section,否,Section,4,3,2.1,1,2,0.2,1.9,0.0,3,社区4:3
LE389018,加强沟通,Action,否,Action,4,1,0.15,1,0,0.15,0.0,0.0,1,社区4:1
LE527233,重大活动解读,Action,否,Action,4,1,0.15,1,0,0.15,0.0,0.0,1,社区4:1
LE135406,投资者教育,Action,否,Action,4,1,0.15,1,0,0.15,0.0,0.0,1,社区4:1
LE775363,公开征求意见,Action,否,Action,4,8,1.2,8,0,1.2,0.0,0.0,8,社区4:8
LE758901,第三章,Chapter,否,Chapter,7,10,2.0,1,9,0.2,1.8,0.0,10,社区4:1; 社区7:9
LE637171,做好本辖区新闻发布,Action,否,Action,4,1,0.15,1,0,0.15,0.0,0.0,1,社区4:1
LE490418,第二十四条,Section,否,Section,4,1,0.2,1,0,0.2,0.0,0.0,1,社区4:1
LE475324,登记结算机构,PartyWithResponsibility,是,PartyWithResponsibility,7,3,2.85,3,0,2.85,0.0,0.0,3,社区7:3
LE296563,证监会各派出机构,PartyWithResponsibility,是,PartyWithResponsibility,4,2,1.75,1,1,0.95,0.8,0.0,2,社区4:2
LE615267,第二十九条,Section,否,Section,4,2,1.15,1,1,0.2,0.95,0.0,2,社区4:2
LE524997,第二十五条,Section,否,Section,4,4,3.05,1,3,0.2,2.85,0.0,4,社区4:4
LE815804,重大监管措施,Event,否,Event,4,8,1.85,1,7,0.8,1.05,0.0,8,社区4:8
LE109316,未经批准或授权,Violation,否,Violation,4,1,0.8,1,0,0.8,0.0,0.0,1,社区4:1
LE530413,第十条,Section,否,Section,4,2,1.15,1,1,0.2,0.95,0.0,2,社区4:2
LE526928,第一条,Section,否,Section,4,1,0.2,1,0,0.2,0.0,0.0,1,社区4:1
LE853642,向社会通报,Action,否,Action,4,8,1.2,8,0,1.2,0.0,0.0,8,社区4:8
LE560172,按照有关保密规定处理,Punishment,否,Punishment,11,2,0.3,2,0,0.3,0.0,0.0,2,社区11:2
LE217573,第十五条,Section,否,Section,7,2,1.15,1,1,0.2,0.95,0.0,2,社区7:2
LE752886,及时主动发布业务规则,Action,否,Action,7,1,0.15,1,0,0.15,0.0,0.0,1,社区7:1
LE417908,第十八条,Section,否,Section,7,2,1.15,1,1,0.2,0.95,0.0,2,社区7:2
LE118380,第二十七条,Section,否,Section,13,4,3.05,1,3,0.2,2.85,0.0,4,社区4:1; 社区13:3
LE546351,及时公开答复,Action,否,Action,7,1,0.15,1,0,0.15,0.0,0.0,1,社区7:1
LE533435,第三十一条,Section,否,Section,11,3,2.1,1,2,0.2,1.9,0.0,3,社区4:1; 社区11:2
LE588998,决定终结调查,Event,否,Event,4,8,1.85,1,7,0.8,1.05,0.0,8,社区4:8
LE785476,资本市场整体运行情况,Event,否,Event,4,8,1.85,1,7,0.8,1.05,0.0,8,社区4:8
LE543034,新闻发言人,PartyWithResponsibility,是,PartyWithResponsibility,4,2,1.9,2,0,1.9,0.0,0.0,2,社区4:2
LE672599,证券期货交易所,PartyWithResponsibility,是,PartyWithResponsibility,7,3,2.85,3,0,2.85,0.0,0.0,3,社区7:3
LE317045,证监会工作人员,PartyWithResponsibility,是,PartyWithResponsibility,4,2,1.75,1,1,0.95,0.8,0.0,2,社区4:2
LE030329,第五条,Section,否,Section,4,4,3.05,1,3,0.2,2.85,0.0,4,社区4:4
LE602406,第四章,Chapter,否,Chapter,4,9,1.8,1,8,0.2,1.6,0.0,9,社区4:7; 社区11:1; 社区13:1
LE964487,澄清说明,Action,否,Action,7,1,0.15,1,0,0.15,0.0,0.0,1,社区7:1
LE800817,各协会,PartyWithResponsibility,是,PartyWithResponsibility,7,3,2.85,3,0,2.85,0.0,0.0,3,社区7:3
LE814806,违反新闻工作纪律,Violation,否,Violation,11,4,1.9,2,2,1.6,0.3,0.0,4,社区11:4
LE005916,资本市场改革发展,Event,否,Event,4,11,5.55,6,5,4.8,0.75,0.0,11,社区4:11
LE088379,媒体,PartyWithResponsibility,是,PartyWithResponsibility,4,2,1.75,1,1,0.95,0.8,0.0,2,社区4:2
LE595948,通报事件进展情况,Action,否,Action,7,1,0.15,1,0,0.15,0.0,0.0,1,社区7:1
LE608570,严肃处理,Punishment,否,Punishment,11,2,0.3,2,0,0.3,0.0,0.0,2,社区11:2
LE421517,第二十六条,Section,否,Section,4,2,1.15,1,1,0.2,0.95,0.0,2,社区4:2
LE802335,证监会系统新闻工作队伍,PartyWithResponsibility,是,PartyWithResponsibility,13,1,0.95,1,0,0.95,0.0,0.0,1,社区13:1
LE654107,第二十三条,Section,否,Section,7,3,2.1,1,2,0.2,1.9,0.0,3,社区7:3
LE159772,重大改革事项,Event,否,Event,4,8,1.85,1,7,0.8,1.05,0.0,8,社区4:8
LE307286,社会舆论已经或可能广泛关注的热点事件,Event,否,Event,4,8,1.85,1,7,0.8,1.05,0.0,8,社区4:8
LE917107,第六条,Section,否,Section,4,4,3.05,1,3,0.2,2.85,0.0,4,社区4:4
LE113218,第二条,Section,否,Section,4,2,0.35,1,1,0.2,0.15,0.0,2,社区4:1; 社区5:1
LE126245,第三十二条,Section,否,Section,4,1,0.2,1,0,0.2,0.0,0.0,1,社区4:1
LE364680,第七条,Section,否,Section,4,2,1.15,1,1,0.2,0.95,0.0,2,社区4:2
LE835273,第一章,Chapter,否,Chapter,4,7,1.4,1,6,0.2,1.2,0.0,7,社区4:7
LE872658,向社会公布,Action,否,Action,4,8,1.2,8,0,1.2,0.0,0.0,8,社区4:8
LE707240,中国证监会,PartyWithResponsibility,是,PartyWithResponsibility,4,1,0.95,1,0,0.95,0.0,0.0,1,社区4:1
LE161153,第四条,Section,否,Section,4,2,1.15,1,1,0.2,0.95,0.0,2,社区4:2
LE350768,第二十二条,Section,否,Section,7,2,1.15,1,1,0.2,0.95,0.0,2,社区7:2
LE043619,第十一条,Section,否,Section,4,2,1.15,1,1,0.2,0.95,0.0,2,社区4:2
LE341084,会员单位,PartyWithResponsibility,是,PartyWithResponsibility,7,1,0.95,1,0,0.95,0.0,0.0,1,社区7:1
LE543823,各派出机构,PartyWithResponsibility,是,PartyWithResponsibility,4,4,3.8,4,0,3.8,0.0,0.0,4,社区4:4
LE363987,第三十条,Section,否,Section,4,6,4.95,1,5,0.2,4.75,0.0,6,社区0:1; 社区4:5
LE954794,业务运行情况等新闻信息,Action,否,Action,7,1,0.15,1,0,0.15,0.0,0.0,1,社区7:1
LE059899,第十九条,Section,否,Section,7,3,2.1,1,2,0.2,1.9,0.0,3,社区7:3
LE197139,公开说明,Action,否,Action,4,8,1.2,8,0,1.2,0.0,0.0,8,社区4:8
LE937841,第八条,Section,否,Section,4,1,0.2,1,0,0.2,0.0,0.0,1,社区4:1
LE018302,第九条,Section,否,Section,4,1,0.2,1,0,0.2,0.0,0.0,1,社区4:1
LE202683,第二十一条,Section,否,Section,7,2,1.15,1,1,0.2,0.95,0.0,2,社区7:2
LE434669,造成泄密,Violation,否,Violation,11,4,1.9,2,2,1.6,0.3,0.0,4,社区11:4
LE687701,突发事件,Event,否,Event,7,7,1.7,1,6,0.8,0.9,0.0,7,社区7:7
LE717887,第十七条,Section,否,Section,7,3,2.1,1,2,0.2,1.9,0.0,3,社区7:3
LE430475,突发公共事件应对情况,Event,否,Event,4,8,1.85,1,7,0.8,1.05,0.0,8,社区4:8
LE267338,会管单位,PartyWithResponsibility,是,PartyWithResponsibility,4,1,0.95,1,0,0.95,0.0,0.0,1,社区4:1
LE679611,各会管单位,PartyWithResponsibility,是,PartyWithResponsibility,4,3,2.85,3,0,2.85,0.0,0.0,3,社区4:3
LE243642,中国证监会新闻工作办法,Title,否,Title,4,5,1.0,0,5,0.0,1.0,0.0,5,社区4:4; 社区7:1
LE380941,第十六条,Section,否,Section,7,2,1.15,1,1,0.2,0.95,0.0,2,社区7:2
LE684061,直接责任人员,PartyWithResponsibility,是,PartyWithResponsibility,11,3,2.55,1,2,0.95,1.6,0.0,3,社区11:3
LE880353,作出行政处罚决定,Event,否,Event,4,8,1.85,1,7,0.8,1.05,0.0,8,社区4:8
LE449473,证券期货交易所及登记结算机构,PartyWithResponsibility,是,PartyWithResponsibility,7,2,1.75,1,1,0.95,0.8,0.0,2,社区7:2
LE266843,自律措施,Action,否,Action,7,1,0.15,1,0,0.15,0.0,0.0,1,社区7:1
LE435379,所在单位相关负责人,PartyWithResponsibility,是,PartyWithResponsibility,11,3,2.55,1,2,0.95,1.6,0.0,3,社区11:3
LE536139,新闻工作人员,PartyWithResponsibility,是,PartyWithResponsibility,13,1,0.95,1,0,0.95,0.0,0.0,1,社区13:1
LE518740,证监会各会管单位,PartyWithResponsibility,是,PartyWithResponsibility,7,2,1.9,2,0,1.9,0.0,0.0,2,社区7:2
LE214386,重大案件立案调查,Event,否,Event,4,8,1.85,1,7,0.8,1.05,0.0,8,社区4:8
LE232851,完善新闻工作制度机制,Action,否,Action,4,1,0.15,1,0,0.15,0.0,0.0,1,社区4:1
LE303653,本辖区上市公司,PartyWithResponsibility,是,PartyWithResponsibility,4,2,1.75,1,1,0.95,0.8,0.0,2,社区4:2
LE072007,第五章,Chapter,否,Chapter,4,2,0.4,1,1,0.2,0.2,0.0,2,社区4:2
LE642962,进行解释说明,Action,否,Action,4,8,1.2,8,0,1.2,0.0,0.0,8,社区4:8
LE887540,当地相关部门,PartyWithResponsibility,是,PartyWithResponsibility,4,2,1.75,1,1,0.95,0.8,0.0,2,社区4:2
LE319683,领导干部,PartyWithResponsibility,是,PartyWithResponsibility,13,1,0.95,1,0,0.95,0.0,0.0,1,社区13:1
LE909740,行业机构,PartyWithResponsibility,是,PartyWithResponsibility,4,3,2.7,2,1,1.9,0.8,0.0,3,社区4:3
LE926884,证监会,PartyWithResponsibility,是,PartyWithResponsibility,4,17,14.95,9,8,8.55,6.4,0.0,17,社区4:17
LE112358,第二十八条,Section,否,Section,4,1,0.2,1,0,0.2,0.0,0.0,1,社区4:1
LE273474,新闻发布,Action,否,Action,4,8,1.2,8,0,1.2,0.0,0.0,8,社区4:8
LE772669,第十二条,Section,否,Section,4,1,0.2,1,0,0.2,0.0,0.0,1,社区4:1
LE624041,阐释说明,Action,否,Action,4,8,1.2,8,0,1.2,0.0,0.0,8,社区4:8
LE259320,第二章,Chapter,否,Chapter,4,9,1.8,1,8,0.2,1.6,0.0,9,社区4:9
LE302785,第二十条,Section,否,Section,7,3,2.1,1,2,0.2,1.9,0.0,3,社区7:3
LE633903,第十四条,Section,否,Section,4,7,5.9,1,6,0.2,5.7,0.0,7,社区4:7
